1,"dhayalaraj2k@gmail.com","Dhayalaraj","Dhayalaraj@1","Dhayalaraj"
2,"sriman@gmail.com","Sriman","sriman","Sriman"
3,"anand@gmail.com","Anand","anand","Anand"
4,"lokesh@gmail.com","Lokesh","lokesh","Lokesh"
5,"vishnu@gmail.com","Vishnu","vishnu","Vishnu"
6,"nithish@gmail.com","Nithish","nithish","Nithish"
7,"raj@gmail.com","Raj","raj","Raj"
8,"dinesh@gmail.com","Dinesh","dinesh","Dinesh"
9,"vignesh@gmail.com","Vignesh","vignesh","Vignesh"
10,"dhaya@gmail.com","Dhaya","dhaya","Dhaya"
